{"cameraMode":{"drawMode":0,"name":"Shaded","section":"Shading Mode"},"sceneLighting":false,"audioPlay":false,"sceneViewState":{"showFog":true,"showMaterialUpdate":false,"showSkybox":true,"showFlares":true,"showImageEffects":true,"showParticleSystems":true},"in2DMode":false,"pivot":{"x":8.627636909484864,"y":-9.946247100830079,"z":-7.615072250366211},"rotation":{"x":-0.02580977976322174,"y":-0.866248607635498,"z":0.4969133138656616,"w":-0.044993702322244647},"size":53.04252243041992,"orthographic":false}